public_gene_name,p-value
osm-1,1.02e-6
che-3,1.61e-5
F01D4.9,5.56e-5
mdf-1,1e-4
cnt-1,1.23946e-4
lars-1,0.00152637
F43D9.1,0.001688544
hlb-1,0.001795662
jac-1,0.002545991
col-135,0.002866661
pkc-1,0.00321839
M106.4,0.003525872
din-1,0.003862516
C28H8.3,0.003934641
F54G2.1,0.004027609
cls-2,0.004251798
dlg-1,0.004252594
C26H9A.2,0.004585606
Y38F2AR.12,0.004635822
dcr-1,0.007008639
hcp-6,0.007226648
H06I04.5,0.007811092
C14B4.2,0.008082947
H11E01.3,0.008477087
pes-7,0.009097948
pld-1,0.009283952
Y57A10A.1,0.010538888
D2085.5,0.010574298
C05D12.2,0.010579079
T19D12.1,0.010704407
Y71G12B.11,0.011091476
Y17G7B.19,0.011446552
fbxa-136,0.012125031
glr-4,0.012234905
unc-80,0.013144988
D1044.6,0.013169215
C44B9.1,0.01318504
lem-3,0.013203005
T26A8.4,0.01355716
sma-1,0.013738784
F52C9.1,0.015868354
unc-70,0.016224616
mel-46,0.016495545
glo-4,0.016627888
T12G3.1,0.01680852
K02F6.4,0.017041685
ZK1010.5,0.0171902
vps-34,0.017863246
rnp-6,0.018468564
asp-1,0.01882154
itx-1,0.019013566
R06F6.8,0.019097578
rbc-1,0.020617212
F58G1.1,0.021183285
C52E4.5,0.02143203
cca-1,0.023950013
dnc-1,0.024409937
lam-3,0.025158275
nlg-1,0.026052146
scp-1,0.026217793
kin-4,0.026909961
ssl-1,0.027594412
atg-2,0.027949214
plc-1,0.028039427
K07E3.4,0.030430691
Y110A7A.9,0.030592537
F58B3.4,0.030732543
lrk-1,0.030745721
Y71A12B.12,0.031400885
unc-2,0.03188284
grl-25,0.032228583
Y48E1A.1,0.032536291
F29C12.4,0.03335896
ZK1025.3,0.034187168
T16G12.1,0.034968209
Y48G1C.5,0.035370294
Y46E12BL.2,0.035704715
rha-2,0.036612215
mca-3,0.036870071
lin-15B,0.037251393
zer-1,0.037359523
D1044.2,0.038514876
Y54F10BM.9,0.039011101
dpy-26,0.039857859
F28B1.2,0.040730539
afd-1,0.040921469
unc-77,0.043222342
itr-1,0.043915005
jip-1,0.044050448
oac-44,0.044210805
twk-44,0.044337396
ZC84.6,0.044878736
C16B8.2,0.045129341
Y64G10A.6,0.045205332
Y59A8A.2,0.045300448
K02F6.3,0.045489584
pqn-85,0.04590239
vps-53,0.047140121
gei-8,0.047812606
C14C11.4,0.048836233
pyc-1,0.050765502
oac-53,0.051485537
unc-82,0.053520697
F40G12.3,0.054247546
F55F10.1,0.055100883
C33G3.4,0.060187264
T20F7.5,0.060478571
trp-4,0.061803156
bli-3,0.062839934
sor-1,0.062889782
Y48G1C.8,0.06299735
Y51A2D.7,0.06355982
T19D12.4,0.06459006
F14D12.1,0.065255326
spat-3,0.065859481
bmk-1,0.065914741
Y75B8A.3,0.066172569
F19H6.3,0.066545212
F01G4.3,0.068468265
aman-2,0.069719593
eps-8,0.070526082
tag-208,0.070854326
zoo-1,0.07093719
W05B2.4,0.071757878
C28G1.4,0.07290898
kcnl-1,0.074171157
glh-2,0.074214658
T26A5.5,0.074256745
vars-2,0.074845612
lad-2,0.075370305
F42C5.10,0.077722694
C48E7.6,0.080812957
npp-12,0.081580619
Y69H2.3,0.081668639
gon-1,0.082772054
unc-89,0.082965108
cdh-7,0.08377872
tir-1,0.084190172
tlk-1,0.084678621
tag-184,0.086191128
Y73E7A.2,0.088312965
Y38A10A.2,0.088565809
jmjd-2,0.088968549
Y67A10A.3,0.089244209
ptr-5,0.089441907
F53H1.1,0.093718488
Y51A2D.15,0.094311877
ears-1,0.095479256
rskn-2,0.095550959
rod-1,0.096472074
let-363,0.096763211
ppw-2,0.09742912
str-208,0.1040223
Y54E2A.4,0.104444472
set-2,0.104976343
R10E8.6,0.109178248
ced-11,0.109582841
hda-6,0.109849414
F49B2.6,0.110878061
anc-1,0.111095337
C26B9.5,0.111402828
nhr-1,0.111402828
C42C1.8,0.112633431
pqn-87,0.113391546
cyp-35D1,0.113506124
gcy-25,0.113668931
F26F12.3,0.116213637
ceh-44,0.116363792
ect-2,0.117133048
acs-10,0.117891022
E02H9.5,0.118735957
mog-4,0.118937981
ZC84.1,0.119172074
unc-44,0.119579749
D1007.15,0.119772567
tra-1,0.122643609
pgp-9,0.124577133
dpf-4,0.12528679
rbr-2,0.1256623
ZK930.1,0.125684478
Y34B4A.10,0.126225148
dep-1,0.12638574
ile-2,0.126732722
ptr-19,0.127827361
xpc-1,0.127891972
C34G6.1,0.128244373
avr-14,0.128376819
rgl-1,0.128376819
asic-1,0.128376819
F48E3.8,0.128646712
sax-3,0.128675428
dpy-6,0.131564479
F17C11.10,0.131809056
dgk-4,0.131809056
sago-1,0.131809056
dcap-2,0.131809056
vab-19,0.131809056
lip-1,0.134332012
mltn-3,0.134672434
uig-1,0.136502399
F09G2.1,0.136793705
rrf-3,0.137039289
catp-3,0.140291739
W03F11.4,0.141024809
hecd-1,0.141324677
scd-2,0.142322482
cutl-27,0.143864551
F19B2.6,0.144781214
rict-1,0.148731087
pqn-75,0.151053695
cogc-5,0.151878258
F31C3.2,0.155722396
F55H12.3,0.155920111
Y48G8AL.5,0.162246064
dpy-1,0.164758192
zfp-1,0.166239682
set-5,0.166459525
Y20F4.4,0.167400071
H02F09.3,0.167642464
vet-6,0.170326556
01-Sep,0.170326556
nas-39,0.170575374
F54F12.1,0.171319623
K08A2.4,0.171778368
K10D2.8,0.175031153
rhgf-1,0.177074163
cbd-1,0.177373205
wdr-23,0.177373205
C36B7.5,0.179455643
ser-1,0.18082777
gap-2,0.181325197
btf-1,0.181562297
Y113G7A.13,0.185379231
F08C6.2,0.185394562
let-526,0.185988492
slo-2,0.186295417
T16G1.9,0.188337322
mig-6,0.190857758
C09F9.2,0.191255567
lam-1,0.191302248
W05F2.7,0.191588044
cdh-8,0.193106251
H24G06.1,0.195381392
dct-17,0.195779051
Y111B2A.4,0.196251888
C08G5.1,0.198613225
tag-241,0.19866769
gcy-22,0.200278861
C53B4.4,0.201924707
W04A4.5,0.20231947
Y39B6A.18,0.203851747
C10C6.6,0.210840366
pgp-5,0.211504795
vav-1,0.21214827
C35C5.6,0.213546364
tat-1,0.214670153
sec-24.2,0.216714268
F47H4.2,0.21878304
B0511.12,0.21942216
mltn-13,0.220789572
Y105E8A.19,0.221380771
Y67A10A.9,0.221380771
prp-8,0.22166098
dyc-1,0.221888016
lgx-1,0.222814942
C32D5.11,0.224690807
oga-1,0.225078255
C17B7.5,0.225884619
acs-17,0.228798522
unc-104,0.22929357
mon-2,0.230560189
agr-1,0.231467499
F35A5.1,0.231843123
crn-3,0.234173191
B0416.1,0.236028045
B0334.3,0.236479146
R11A8.7,0.237019973
cam-1,0.237148224
gei-7,0.237324947
scpl-1,0.237753517
apd-3,0.240542063
Y39B6A.23,0.244046179
unc-22,0.244084892
tag-168,0.25173002
vit-2,0.255225568
R06A4.2,0.255665855
pat-12,0.255854507
inft-2,0.256841045
Y53F4B.13,0.256879288
C27H5.2,0.257218927
Y70C5C.1,0.258128011
emb-9,0.258357107
ptr-21,0.260221591
H17B01.4,0.260677471
iars-1,0.260937606
lin-13,0.261030292
Y113G7C.1,0.261281826
ugt-32,0.263003568
dis-3,0.263314915
Y32H12A.8,0.265464147
C39D10.7,0.266793397
kin-1,0.27004733400000003
ego-2,0.270610788
B0336.3,0.272376463
F48E3.3,0.272717272
Y47A7.1,0.273849154
mys-1,0.273891018
fig-1,0.274115507
ced-5,0.2748159
him-1,0.277552785
T21D12.11,0.277674743
R08F11.1,0.278476217
gcn-1,0.278632818
lact-7,0.279110834
mrp-5,0.279774425
F23A7.5,0.279961577
C34F6.10,0.280367727
sea-2,0.280375692
C47D12.2,0.280609794
pqn-62,0.282486769
taf-1,0.283256394
pqn-22,0.285386278
K06A9.1,0.285480959
myo-3,0.286749215
crb-1,0.288994051
cpsf-1,0.289213777
C35E7.5,0.289991943
F55A3.3,0.290726147
sin-3,0.29150991
T23F1.5,0.293900146
T01C4.1,0.294353209
catp-2,0.294362631
M02G9.1,0.300658458
mlt-11,0.303101544
ced-1,0.308416204
gcy-20,0.312208427
tps-2,0.313064846
frl-1,0.313242075
F20D12.2,0.314424034
frm-9,0.314450815
Y22D7AR.12,0.314767784
let-19,0.317439549
Y48E1C.1,0.318222032
nsy-1,0.3189256
daf-5,0.319380438
chc-1,0.319726123
mrp-6,0.321115195
bpl-1,0.322722968
capg-2,0.324141631
pgp-8,0.325215677
T04G9.1,0.32610508
Y95B8A.8,0.326519129
R02D3.4,0.327984253
F10G7.9,0.331316725
dpyd-1,0.331522142
lrp-2,0.331778565
ril-2,0.33384484
plx-1,0.334371504
msh-6,0.3366984
hum-7,0.337031868
C14H10.2,0.337378167
pqn-65,0.339146997
nab-1,0.33958834
Y69H2.11,0.339746615
C18H2.5,0.339948228
clp-4,0.340157241
mrck-1,0.34059326
C12D8.1,0.341938159
dyn-1,0.343171994
slt-1,0.343993334
xol-1,0.344441495
gcy-23,0.345359765
ubq-1,0.346459561
pgp-4,0.34660188199999997
cyp-34A1,0.346742734
abt-5,0.346836284
cyk-1,0.347712129
T28C6.7,0.348659044
Y54G11A.4,0.349183902
pqn-55,0.351502783
oxi-1,0.352418808
T27A3.2,0.353004463
C05C10.2,0.357117199
ZK154.5,0.357555193
nid-1,0.358544528
myo-2,0.358598496
ekl-6,0.359492768
pme-5,0.359711671
toe-4,0.361982638
egl-19,0.363221744
F56C9.10,0.363718444
clh-1,0.363855006
syg-2,0.364279677
adt-1,0.364858154
K09C4.10,0.367244805
rga-4,0.368021772
unc-26,0.368087199
bus-8,0.368176938
clh-4,0.369643748
C01H6.2,0.370211426
gcy-5,0.373604026
rrf-2,0.373902701
hipr-1,0.374204934
F13D2.1,0.375369403
grd-1,0.37557649
cng-1,0.376086324
cutl-18,0.376343333
bet-2,0.376905002
atl-1,0.37881064
T13G4.3,0.379258123
Y71H2B.5,0.381666089
xpo-1,0.381860937
acdh-11,0.382438031
col-87,0.38571512
fln-2,0.386743128
Y69H2.2,0.389086102
T01H10.8,0.389178873
pxn-1,0.389443253
Y69H2.10,0.393514137
C32E8.11,0.394961695
gcy-3,0.397525066
F52D2.6,0.397825566
cdh-10,0.398046987
epg-5,0.399785062
rgs-7,0.400382832
trr-1,0.401403414
hum-2,0.403708236
F59F5.7,0.403915256
rha-1,0.404526645
eor-2,0.40474181
Y38H6C.14,0.405874405
sdc-2,0.40857685
F40H6.5,0.409342297
plx-2,0.409588161
Y43C5A.2,0.41018482
T22E5.3,0.41018482
T24C12.3,0.412117676
F54D11.2,0.416058003
ZK856.12,0.416072094
Y64G10A.7,0.417556083
rgr-1,0.420596062
unc-10,0.420979975
F47C12.1,0.421501599
vab-10,0.421713486
ubc-17,0.42171943
C44B7.11,0.421753894
vit-6,0.42265916
tag-180,0.424351843
wnk-1,0.424733256
R11G1.1,0.424733256
nrx-1,0.425884718
iffb-1,0.426529
F28E10.1,0.428062497
daf-2,0.428231505
gld-2,0.428231505
tag-97,0.428412979
nmy-1,0.429134672
lin-45,0.42925436300000003
F55F3.4,0.431145265
F28H6.4,0.431436709
T23E7.2,0.431553345
nrde-3,0.431650855
Y67D2.2,0.43204509
gei-15,0.432672252
T04F3.1,0.435584908
Y113G7B.12,0.43582518
tbc-17,0.437033687
F54E2.4,0.437583373
C09G5.8,0.439484067
nurf-1,0.439650664
T08G11.1,0.439749712
cutl-25,0.441482878
unc-54,0.443991196
pyk-2,0.444180183
Y48E1B.14,0.444299529
pll-1,0.444425429
F35F10.10,0.444576029
T28F2.7,0.444576029
Y56A3A.6,0.444576029
lsy-12,0.444808522
igcm-3,0.445197526
F29G6.3,0.445390775
E01A2.2,0.445529095
Y55F3AM.14,0.445912476
ten-1,0.446875192
F42G9.6,0.449462635
npp-10,0.450459414
Y67D8C.9,0.450670542
cogc-1,0.451097562
R193.2,0.452825903
mltn-2,0.453252872
B0546.3,0.45336357
T20B6.2,0.453464983
abt-4,0.454451456
agl-1,0.455061483
C03H12.1,0.455743489
bar-1,0.45718676
eat-18,0.459733681
lev-10,0.459733681
F36G9.13,0.459745051
ppfr-1,0.461083745
lrp-1,0.462444762
lgc-33,0.463810746
K02B12.7,0.464562424
mel-28,0.464991012
C49C3.4,0.465046994
ifp-1,0.466210352
prmt-3,0.466865979
gpa-6,0.46746783
W05G11.4,0.468814572
elpc-1,0.469258975
rcq-5,0.470100464
F55E10.6,0.470100464
F01F1.1,0.471459215
K12C11.1,0.472175455
tag-192,0.472899927
lex-1,0.473429321
F27C1.11,0.473571124
hdl-1,0.474186369
gei-3,0.476228369
sdc-3,0.476313619
tag-52,0.476649479
dic-1,0.477205562
kel-8,0.4772203
B0412.3,0.477979729
set-9,0.478607173
C38D9.5,0.479552631
math-33,0.479978123
Y32B12B.2,0.48111323
gbf-1,0.482029089
T28F3.5,0.482100476
E01G6.1,0.482617559
F59E12.9,0.483288007
C16C10.3,0.484317717
ego-1,0.484741113
ksr-1,0.485134503
C14B1.7,0.486561269
W02C12.1,0.488803587
F26A10.2,0.488927094
hmr-1,0.489447561
lin-12,0.491051678
gcy-19,0.492632509
W07E11.1,0.494415454
gcy-28,0.494499039
Y69A2AR.19,0.494591898
grd-7,0.495008485
F32A5.2,0.496236794
fnci-1,0.496369933
Y59A8A.3,0.498688173
C27F2.1,0.498969534
xrn-1,0.50207145500000006
Y70G10A.2,0.502339093
C42C1.10,0.502428756
ZK370.4,0.503093284
R02F2.2,0.508810239
sbp-1,0.511067104
nhl-2,0.511882849
F21C10.7,0.512816071
F25B5.2,0.512892645
unc-79,0.512982064
sma-9,0.514188148
Y46G5A.29,0.51514841200000006
dig-1,0.515257687
F25E5.1,0.516571896
C01G5.4,0.517226026
Y45G5AM.2,0.517656301
B0365.7,0.518165684
spc-1,0.518273681
cdh-4,0.519386212
F39B2.8,0.520243945
F21G4.6,0.52059836
tam-1,0.523803237
pcp-4,0.526541246
T19D2.1,0.526544853
tag-312,0.526971406
ceh-100,0.527845887
B0207.5,0.528029587
Y43D4A.5,0.528447628
cpna-2,0.52901846
clec-199,0.529355442
F59A1.15,0.529744037
Y79H2A.3,0.530687372
ZC373.4,0.531592722
unc-16,0.532505194
Y67D8A.2,0.532518454
ZC116.3,0.535079773
aka-1,0.535232539
glit-1,0.53584633
R03G8.3,0.536591488
ZK822.1,0.537688873
npp-1,0.540775599
fbxa-169,0.542488356
lov-1,0.542715783
Y38C9A.1,0.543903381
F22G12.5,0.544037284
smgl-1,0.544480876
gcy-12,0.54580833
nep-2,0.546555164
F47B7.2,0.546865246
T06D8.1,0.54747986
trp-2,0.548571424
F58G11.2,0.5501904
spd-5,0.550489434
Y6B3B.1,0.55117226
T11G6.2,0.552762567
R04B3.3,0.553198267
F41E6.11,0.55386468
W09G3.6,0.554154901
T01E8.5,0.554844506
epac-1,0.556791801
F23H11.4,0.557938588
tag-53,0.558006923
npa-1,0.558117474
lst-3,0.55908157
mrp-4,0.559494444
kin-25,0.561475365
kin-29,0.562243074
blmp-1,0.562872928
pept-3,0.563983577
tra-2,0.564509616
thoc-2,0.565542725
let-711,0.567037758
ajm-1,0.567960265
sax-2,0.568734251
clec-125,0.569555753
pqn-40,0.569793485
Y82E9BR.18,0.57098986
unc-73,0.571130302
chd-3,0.571433164
mtm-5,0.571618258
F47G9.4,0.571618258
Y61A9LA.3,0.572396803
trpa-1,0.572891453
srh-125,0.573392657
C44E4.1,0.573780413
tbc-12,0.574044878
C34E11.2,0.575123311
Y34B4A.4,0.57600888
F07C6.4,0.57600888
cls-1,0.576906273
C49D10.10,0.577130842
K10C2.1,0.579548392
rpm-1,0.579780927
F18A12.6,0.580680746
dpy-28,0.581146335
galt-1,0.58232475
Y108G3AL.7,0.584444548
F09F9.4,0.584555747
F41H10.3,0.584735252
gcy-1,0.587197597
Y39B6A.43,0.588022802
math-38,0.589427989
vglu-3,0.590012434
drh-3,0.591380157
Y59A8B.6,0.59153352
K04C2.2,0.594006289
Y39G10AR.11,0.59407012
Y46G5A.4,0.595028429
C25F9.2,0.595210821
C44H9.4,0.595768476
pgp-1,0.595863745
fer-1,0.596538695
ptr-23,0.597646086
gcy-14,0.597820058
eat-20,0.598028552
T24H7.2,0.598028552
fshr-1,0.598028552
gcy-13,0.599105605
col-98,0.599105605
T05C1.4,0.599485466
K10E9.1,0.600741167
ZC123.1,0.600833754
mua-3,0.601702191
Y39G10AR.18,0.602114151
vab-8,0.602382559
pqn-20,0.60328845
T24D1.2,0.60553348
npp-9,0.605711728
M70.3,0.605711728
Y39A3CR.3,0.605711728
col-106,0.605711728
dpy-22,0.606606255
F29G6.1,0.60807285
Y16B4A.2,0.608265238
T23H2.3,0.609965348
Y106G6D.7,0.610156363
polq-1,0.610336371
F16G10.11,0.610708415
T06D4.3,0.61076637
ctn-1,0.610977156
pde-3,0.611005725
cpb-3,0.612026815
daf-15,0.61246469
Y20C6A.1,0.612721045
K10B4.1,0.613776354
ptr-6,0.615781672
W03B1.2,0.615813914
F34D10.4,0.61739397
fmi-1,0.617523496
M117.4,0.618211623
T23D8.7,0.618317939
dys-1,0.619183755
M88.5,0.621357591
gei-1,0.621821333
Y44E3A.6,0.622157116
Y47D3A.29,0.622771804
nnt-1,0.623694196
Y54E10A.11,0.624329992
K02E11.10,0.624489846
him-4,0.625266238
K02F6.7,0.625905828
C04E12.4,0.62591227
F02C9.2,0.62591227
ehbp-1,0.62591227
vab-1,0.62591227
daam-1,0.62591227
ipla-1,0.62591227
acy-3,0.626388742
sec-31,0.626815838
C14C10.5,0.627016756
sqv-6,0.627244708
mab-20,0.628697192
C09G1.4,0.629064712
F46G10.2,0.629064712
Y92H12A.5,0.630650149
R11A5.7,0.632193735
C32E12.4,0.634237348
ZC376.1,0.6342551
dkf-2,0.635087856
Y57G11C.32,0.63531103
C41A3.1,0.636588054
tre-4,0.636934683
T01D3.7,0.637052961
F46H5.4,0.637190131
cdh-5,0.637577204
npp-7,0.637795833
K04C1.2,0.637923945
Y53G8AM.8,0.638198649
ama-1,0.639610121
egl-8,0.639845368
H20J04.2,0.639880283
T08A11.2,0.640812011
F39B2.3,0.640882109
clec-8,0.641080496
nkat-3,0.641473783
dapk-1,0.642256823
cogc-4,0.642820787
shn-1,0.642910207
F44D12.1,0.643705943
pqn-15,0.645033711
max-2,0.645374457
cogc-2,0.646169382
C23H4.6,0.646169382
qua-1,0.646169382
tat-3,0.646521104
gcy-37,0.646835068
F37A4.4,0.647520265
C16B8.4,0.648106449
ketn-1,0.64820003
F07G11.9,0.649525943
piki-1,0.649577002
mat-2,0.651470103
R10E8.3,0.651641405
T05C3.2,0.651704042
klp-4,0.651852542
T05A7.11,0.652016984
Y48B6A.1,0.652932557
C54G4.4,0.652992174
lir-1,0.653520032
rbg-1,0.653656724
nuo-5,0.653656724
C45G7.4,0.653743067
che-11,0.654187672
ZC455.1,0.655127836
gcn-2,0.655153233
H40L08.3,0.655196802
Y40C5A.3,0.655419798
F52G3.1,0.655491213
math-47,0.65565931
R08E3.1,0.656318268
F38B6.6,0.656581332
nmy-2,0.657956641
tag-333,0.658138724
alg-1,0.658533164
F13B9.1,0.658865489
unc-83,0.659324865
ZK1193.2,0.659407877
F13H8.2,0.660782742
add-1,0.660782742
cand-1,0.660782742
Y46B2A.3,0.661465644
abts-1,0.66301349
fbxc-30,0.66301349
C17G10.6,0.663566144
H03E18.1,0.663566144
M176.10,0.663566144
C54G6.2,0.664142592
F40F4.6,0.665457186
duox-2,0.666191036
smg-8,0.666725
mrp-8,0.666725
smg-1,0.666725
mrp-2,0.666725
nhr-271,0.666725
tag-279,0.666759505
tag-273,0.668449038
smg-3,0.669163322
ulp-2,0.66958947
C01B9.1,0.670893881
sym-2,0.674325045
C28F5.4,0.67439867
M01F1.7,0.67440926
W05B2.2,0.67505268
hda-4,0.675339449
otpl-5,0.675339449
F52E1.13,0.676896994
T01H3.2,0.677407699
cle-1,0.67752108
tag-343,0.677626825
F45H11.3,0.677803688
ifta-1,0.677803688
cyk-3,0.678822135
F39C12.1,0.680275452
hum-6,0.680937409
Y73F8A.5,0.682906724
col-174,0.683587749
ergo-1,0.683613865
Y22D7AR.2,0.684681113
BE0003N10.1,0.685463418
F43C1.1,0.686052984
lea-1,0.686551505
let-805,0.687550191
C29H12.5,0.687933699
rsa-2,0.687933699
pqn-39,0.688679654
hum-8,0.688679654
F56A8.1,0.688910254
B0222.9,0.689790208
F59A6.3,0.689790208
lfi-1,0.69009018
K03A11.4,0.690101168
T08A11.1,0.690131262
Y40B1A.3,0.69021889299999994
F26A1.8,0.690966399
mrp-7,0.691692853
cyld-1,0.692370128
T12A2.5,0.692486858
fasn-1,0.692812889
ZK836.2,0.693258536
vit-5,0.693545107
B0198.3,0.694733264
C12D12.1,0.695682455
let-75,0.696741916
H05L14.2,0.697018144
fhod-1,0.697245778
math-48,0.697925858
F32D1.3,0.6983379
let-2,0.698374876
fcd-2,0.699635188
C25H3.8,0.699764702
ptp-3,0.700146917
haf-6,0.700887065
alg-2,0.701550491
Y55F3BR.2,0.702390367
rol-3,0.702398643
syp-4,0.703801863
T05H4.3,0.703801863
dnj-27,0.703801863
F34D10.6,0.704435382
hcp-2,0.704435382
tom-1,0.706352343
qui-1,0.706413437
ZK688.5,0.706808112
sur-5,0.706947305
rbg-2,0.707435865
tsn-1,0.708024216
F41G4.7,0.708264148
Y71H2AM.10,0.708396941
ark-1,0.709849778
D2005.4,0.710556735
nhr-119,0.711679499
clu-1,0.713287596
01-Apr,0.713409463
ani-2,0.713409463
ced-12,0.71386403
F31D5.5,0.714582856
lim-4,0.715121366
agef-1,0.715189668
F10G7.10,0.715680928
B0238.7,0.716506905
F40F11.2,0.716806832
F42H10.5,0.716806832
dhc-1,0.717246592
T11G6.5,0.717398151
Y75B8A.24,0.717564292
let-716,0.720392942
C27B7.7,0.722432749
F31E3.4,0.72382747
T24B8.7,0.72516635
sym-4,0.725392947
amx-2,0.72656453
R03D7.1,0.727440143
ZK1067.2,0.727677801
clp-6,0.72779473
F14F7.5,0.728633588
K09F6.3,0.731255334
knl-3,0.731713231
R05D7.3,0.733180453
pqe-1,0.73319912
dpy-27,0.733663709
glh-4,0.733818655
Y37H2A.1,0.734073572
mltn-6,0.735585155
par-1,0.736861258
F54F11.2,0.73799792
F28B4.3,0.738135283
F48E3.2,0.738580015
cft-1,0.740030004
lin-2,0.740757752
col-163,0.740757752
Y47G6A.29,0.741473495
C52B9.8,0.741494368
ncx-1,0.7416181
pqn-41,0.742000508
F31C3.3,0.742089529
Y53C10A.10,0.744038922
alp-1,0.744242056
max-1,0.74651441
F45G2.2,0.747923586
aco-1,0.748658203
hcp-1,0.74948518
B0222.3,0.750718655
F54B3.1,0.753703966
ZC53.4,0.754356227
tnt-3,0.75811124
C18H2.4,0.758254242
pgp-10,0.758476414
sel-2,0.758517502
R02E12.4,0.760394959
T06D8.10,0.76534712
set-16,0.765489905
F56D12.6,0.76627698
B0252.1,0.767358662
K03H1.5,0.769130657
fbn-1,0.769236251
T25B6.2,0.76958203
rrf-1,0.771371648
acs-4,0.771991283
rabn-5,0.771991283
unc-68,0.773147837
cdh-12,0.775535007
unc-52,0.777235623
mrp-3,0.777795003
dcaf-1,0.779174264
twk-11,0.779232606
F35H10.10,0.779751127
ret-1,0.779857161
C27F2.8,0.780518437
sca-1,0.781599442
R06B10.2,0.781599442
T05H10.1,0.781599442
epg-3,0.781599442
Y49F6A.1,0.781599442
rme-8,0.782717698
F36H2.3,0.782918256
Y48E1B.3,0.784003243
F36A2.13,0.784098029
npp-21,0.78814854
sop-3,0.78814854
F11C1.5,0.788668515
tag-232,0.78920631
ttn-1,0.790061101
dog-1,0.791106233
lin-40,0.791106233
spe-41,0.791106233
nfi-1,0.791106233
K07E3.1,0.793072453
C14C10.4,0.79386072
Y41E3.11,0.794668239
C13B4.1,0.795990718
dyf-2,0.798859547
fln-1,0.801624023
dyf-14,0.802317978
F26C11.3,0.803623294
hum-4,0.804141754
wrm-1,0.806005399
par-3,0.806076027
R09H10.5,0.806076027
C08H9.2,0.808324427
Y66D12A.14,0.808424345
tag-315,0.808625305
unc-71,0.81146229
gfi-3,0.815192424
C25A8.4,0.817186262
rsr-1,0.817655838
ocr-2,0.817655838
R05H10.2,0.817788143
Y39B6A.30,0.817788143
tep-1,0.821844667
mec-1,0.822774237
cpsf-2,0.82681279
mup-4,0.82842433
col-99,0.828434281
F32B4.8,0.828731297
H10E21.5,0.828752548
ptp-1,0.829441597
unc-103,0.830408848
viln-1,0.831365503
glr-5,0.832602434
F16B4.3,0.832604988
drag-1,0.832604988
frm-1,0.83390828
gld-3,0.840082389
cdtl-7,0.840082389
chtl-1,0.840082389
ptr-24,0.840082389
clec-21,0.84070275
F52C12.4,0.840786316
F30H5.3,0.84131854
klp-12,0.845241595
tps-1,0.845654987
F33H2.5,0.84715843
pod-2,0.84715843
K04H4.2,0.848138463
T07C12.12,0.848661622
mpz-1,0.848694965
mlk-1,0.848926504
eat-3,0.849409568
shc-2,0.853414898
rig-1,0.85411686
Y48G8AL.1,0.85411686
pro-2,0.857860194
F46H5.3,0.857860194
R155.2,0.857860194
ZK632.7,0.857860194
F16B12.6,0.858308007
F40E12.2,0.860747586
T07C4.10,0.863198744
T25C12.3,0.863198744
npp-3,0.865389221
npp-14,0.865664525
C05C8.8,0.866128653
C35A5.4,0.866128653
daf-21,0.866128653
pst-1,0.866128653
lst-2,0.866128653
T13C2.6,0.866128653
Y53F4B.9,0.866128653
tag-341,0.866128653
C50B6.7,0.867659795
pyr-1,0.867659795
W05F2.4,0.867680959
cbp-1,0.869991783
rig-4,0.870206537
acdh-12,0.870699588
epi-1,0.87137706
ZK430.5,0.87146349
chs-2,0.872512022
C04E6.11,0.872743524
T19A5.1,0.873358497
K02C4.3,0.874205529
R07E3.6,0.874205529
T07C12.8,0.874205529
Y6B3B.3,0.874205529
F32A7.5,0.874807816
unc-41,0.874807816
F09E5.2,0.874807816
mtk-1,0.874807816
toe-1,0.877088112
toca-2,0.877447727
unc-84,0.877547427
unc-40,0.877574894
egl-27,0.881966487
nhl-1,0.881966487
B0303.4,0.882081636
C11E4.6,0.882081636
saps-1,0.882081636
ttll-5,0.882081636
F25G6.1,0.882081636
usp-48,0.882081636
F35B3.7,0.882081636
F52G3.3,0.882081636
F54C4.3,0.882081636
F54D8.6,0.882081636
F56C9.3,0.882081636
mca-1,0.882081636
cutl-24,0.882081636
spat-2,0.882081636
Y76A2B.2,0.882081636
pgp-3,0.88529374
osm-7,0.885779819
D2045.2,0.887434646
ain-2,0.887786728
F57C7.4,0.888422569
utx-1,0.888805797
csr-1,0.888805797
F36G3.1,0.888805797
cid-1,0.888805797
tol-1,0.889834339
mec-4,0.889834339
eel-1,0.891138617
rskd-1,0.895461999
M151.2,0.895461999
ppk-3,0.895461999
cha-1,0.895461999
unc-17,0.895461999
C08B11.3,0.896276656
ZC376.6,0.896276656
dop-5,0.896276656
gon-2,0.897427712
mes-1,0.897427712
F14E5.2,0.900035626
C13F10.4,0.90114534
pgp-12,0.901473013
F52B5.3,0.901473013
eea-1,0.901929561
pad-1,0.902628922
K02D10.1,0.903525849
ZK484.4,0.903525849
F22E12.1,0.903899631
npp-6,0.904189034
cdh-1,0.90476126
sur-2,0.907892891
abl-1,0.91213753
top-2,0.912510398
pac-1,0.912678733
C53A5.5,0.913529661
Y43F8B.3,0.914624984
rbf-1,0.915996764
mog-5,0.917507709
C46E1.3,0.918026092
Y105C5A.24,0.918026092
H06O01.2,0.919426806
cdh-3,0.925116763
C09G1.2,0.926757656
lam-2,0.926858528
dpy-21,0.929089498
T28B8.3,0.929332026
let-418,0.930037347
tag-80,0.930528621
F38B6.4,0.931203147
C34F6.9,0.932223351
Y102A11A.3,0.932421589
tag-218,0.93410762
Y7A9A.1,0.936084916
rbc-2,0.945090177
F26H9.8,0.947346558
twk-2,0.951082842
cogc-3,0.959398929
C06B8.7,0.969428404